{
  "annotations": {
    "list": [
      {
        "builtIn": 1,
        "datasource": "Prometheus",
        "enable": true,
        "hide": true,
        "iconColor": "rgba(0, 211, 255, 1)",
        "limit": 100,
        "name": "Annotations & Alerts",
        "showIn": 0,
        "type": "dashboard"
      }
    ]
  },
  "description": "Docker container metrics. (cAdvisor/Prometheus)",
  "editable": true,
  "gnetId": 11600,
  "graphTooltip": 1,
  "id": 9,
  "iteration": 1625215057322,
  "links": [],
  "panels": [
    {
      "cacheTimeout": null,
      "colorBackground": false,
      "colorValue": false,
      "colors": [
        "#299c46",
        "rgba(237, 129, 40, 0.89)",
        "#d44a3a"
      ],
      "datasource": "Prometheus",
      "fieldConfig": {
        "defaults": {},
        "overrides": []
      },
      "format": "none",
      "gauge": {
        "maxValue": 100,
        "minValue": 0,
        "show": false,
        "thresholdLabels": false,
        "thresholdMarkers": true
      },
      "gridPos": {
        "h": 6,
        "w": 2,
        "x": 0,
        "y": 0
      },
      "id": 22,
      "interval": null,
      "links": [],
      "mappingType": 1,
      "mappingTypes": [
        {
          "name": "value to text",
          "value": 1
        },
        {
          "name": "range to text",
          "value": 2
        }
      ],
      "maxDataPoints": 100,
      "nullPointMode": "connected",
      "nullText": null,
      "postfix": "",
      "postfixFontSize": "50%",
      "prefix": "",
      "prefixFontSize": "50%",
      "rangeMaps": [
        {
          "from": "null",
          "text": "N/A",
          "to": "null"
        }
      ],
      "sparkline": {
        "fillColor": "rgba(31, 118, 189, 0.18)",
        "full": false,
        "lineColor": "rgb(31, 120, 193)",
        "show": false
      },
      "tableColumn": "",
      "targets": [
        {
          "bucketAggs": [
            {
              "field": "@timestamp",
              "id": "2",
              "settings": {
                "interval": "auto",
                "min_doc_count": 0,
                "trimEdges": 0
              },
              "type": "date_histogram"
            }
          ],
          "exemplar": true,
          "expr": "count(container_last_seen{instance=~\"$node\",image=~\"(.)+\"})",
          "format": "time_series",
          "interval": "",
          "intervalFactor": 1,
          "legendFormat": "",
          "metrics": [
            {
              "field": "select field",
              "id": "1",
              "type": "count"
            }
          ],
          "query": "count(container_last_seen{instance=~\"$node\",job=~\"$job\",image!=\"\"})",
          "refId": "A",
          "timeField": "@timestamp"
        }
      ],
      "thresholds": "",
      "title": "Running containers",
      "transparent": true,
      "type": "singlestat",
      "valueFontSize": "80%",
      "valueMaps": [
        {
          "op": "=",
          "text": "N/A",
          "value": "null"
        }
      ],
      "valueName": "avg"
    },
    {
      "aliasColors": {
        "{id=\"/\",instance=\"cadvisor:8080\",job=\"prometheus\"}": "#BA43A9"
      },
      "bars": false,
      "dashLength": 10,
      "dashes": false,
      "datasource": "Prometheus",
      "editable": true,
      "error": false,
      "fieldConfig": {
        "defaults": {
          "links": []
        },
        "overrides": []
      },
      "fill": 3,
      "fillGradient": 0,
      "grid": {},
      "gridPos": {
        "h": 6,
        "w": 6,
        "x": 2,
        "y": 0
      },
      "hiddenSeries": false,
      "id": 5,
      "isNew": true,
      "legend": {
        "avg": false,
        "current": false,
        "max": false,
        "min": false,
        "show": false,
        "total": false,
        "values": false
      },
      "lines": true,
      "linewidth": 2,
      "links": [],
      "nullPointMode": "null as zero",
      "options": {
        "alertThreshold": true
      },
      "percentage": false,
      "pluginVersion": "7.5.5",
      "pointradius": 5,
      "points": false,
      "renderer": "flot",
      "seriesOverrides": [],
      "spaceLength": 10,
      "stack": true,
      "steppedLine": false,
      "targets": [
        {
          "expr": "sum(rate(container_cpu_system_seconds_total{instance=~\"$node\"}[1m]))",
          "hide": true,
          "intervalFactor": 2,
          "legendFormat": "a",
          "refId": "B",
          "step": 120
        },
        {
          "expr": "sum(rate(container_cpu_system_seconds_total{instance=~\"$node\",name=~\".+\"}[1m]))",
          "hide": true,
          "interval": "",
          "intervalFactor": 2,
          "legendFormat": "nur container",
          "refId": "F",
          "step": 10
        },
        {
          "expr": "sum(rate(container_cpu_system_seconds_total{instance=~\"$node\",id=\"/\"}[1m]))",
          "hide": true,
          "interval": "",
          "intervalFactor": 2,
          "legendFormat": "nur docker host",
          "metric": "",
          "refId": "A",
          "step": 20
        },
        {
          "expr": "sum(rate(process_cpu_seconds_total{instance=~\"$node\"}[$interval])) * 100",
          "hide": false,
          "interval": "",
          "intervalFactor": 2,
          "legendFormat": "host",
          "metric": "",
          "refId": "C",
          "step": 4
        },
        {
          "expr": "sum(rate(container_cpu_system_seconds_total{instance=~\"$node\",name=~\".+\"}[1m])) + sum(rate(container_cpu_system_seconds_total{instance=~\"$node\",id=\"/\"}[1m])) + sum(rate(process_cpu_seconds_total{instance=~\"$node\"}[1m]))",
          "hide": true,
          "intervalFactor": 2,
          "legendFormat": "",
          "refId": "D",
          "step": 120
        }
      ],
      "thresholds": [],
      "timeFrom": null,
      "timeRegions": [],
      "timeShift": null,
      "title": "CPU Usage on Node",
      "tooltip": {
        "msResolution": true,
        "shared": true,
        "sort": 0,
        "value_type": "cumulative"
      },
      "type": "graph",
      "xaxis": {
        "buckets": null,
        "mode": "time",
        "name": null,
        "show": false,
        "values": []
      },
      "yaxes": [
        {
          "format": "percent",
          "label": "",
          "logBase": 1,
          "max": 120,
          "min": null,
          "show": true
        },
        {
          "format": "short",
          "label": null,
          "logBase": 1,
          "max": null,
          "min": null,
          "show": false
        }
      ],
      "yaxis": {
        "align": false,
        "alignLevel": null
      }
    },
    {
      "aliasColors": {
        "SENT": "#BF1B00"
      },
      "bars": false,
      "dashLength": 10,
      "dashes": false,
      "datasource": "Prometheus",
      "editable": true,
      "error": false,
      "fieldConfig": {
        "defaults": {
          "links": []
        },
        "overrides": []
      },
      "fill": 5,
      "fillGradient": 0,
      "grid": {},
      "gridPos": {
        "h": 6,
        "w": 8,
        "x": 8,
        "y": 0
      },
      "hiddenSeries": false,
      "id": 19,
      "isNew": true,
      "legend": {
        "avg": false,
        "current": false,
        "max": false,
        "min": false,
        "show": false,
        "total": false,
        "values": false
      },
      "lines": true,
      "linewidth": 1,
      "links": [],
      "nullPointMode": "null as zero",
      "options": {
        "alertThreshold": true
      },
      "percentage": false,
      "pluginVersion": "7.5.5",
      "pointradius": 1,
      "points": false,
      "renderer": "flot",
      "seriesOverrides": [],
      "spaceLength": 10,
      "stack": false,
      "steppedLine": false,
      "targets": [
        {
          "expr": "sum(rate(container_network_receive_bytes_total{instance=~\"$node\",id=\"/\"}[$interval])) by (id)",
          "intervalFactor": 2,
          "legendFormat": "RECEIVED",
          "refId": "A",
          "step": 4
        },
        {
          "expr": "- sum(rate(container_network_transmit_bytes_total{instance=~\"$node\",id=\"/\"}[$interval])) by (id)",
          "hide": false,
          "intervalFactor": 2,
          "legendFormat": "SENT",
          "refId": "B",
          "step": 4
        }
      ],
      "thresholds": [],
      "timeFrom": null,
      "timeRegions": [],
      "timeShift": null,
      "title": "Network Traffic on Node",
      "tooltip": {
        "msResolution": true,
        "shared": true,
        "sort": 0,
        "value_type": "cumulative"
      },
      "type": "graph",
      "xaxis": {
        "buckets": null,
        "mode": "time",
        "name": null,
        "show": false,
        "values": []
      },
      "yaxes": [
        {
          "format": "bytes",
          "label": null,
          "logBase": 1,
          "max": null,
          "min": null,
          "show": true
        },
        {
          "format": "short",
          "label": null,
          "logBase": 1,
          "max": null,
          "min": null,
          "show": false
        }
      ],
      "yaxis": {
        "align": false,
        "alignLevel": null
      }
    },
    {
      "aliasColors": {},
      "bars": false,
      "dashLength": 10,
      "dashes": false,
      "datasource": "Prometheus",
      "editable": true,
      "error": false,
      "fieldConfig": {
        "defaults": {
          "links": []
        },
        "overrides": []
      },
      "fill": 3,
      "fillGradient": 0,
      "grid": {},
      "gridPos": {
        "h": 6,
        "w": 8,
        "x": 16,
        "y": 0
      },
      "hiddenSeries": false,
      "id": 11,
      "isNew": true,
      "legend": {
        "avg": false,
        "current": false,
        "max": false,
        "min": false,
        "show": true,
        "total": false,
        "values": false
      },
      "lines": true,
      "linewidth": 2,
      "links": [],
      "nullPointMode": "null as zero",
      "options": {
        "alertThreshold": true
      },
      "percentage": false,
      "pluginVersion": "7.5.5",
      "pointradius": 5,
      "points": false,
      "renderer": "flot",
      "seriesOverrides": [],
      "spaceLength": 10,
      "stack": true,
      "steppedLine": false,
      "targets": [
        {
          "exemplar": true,
          "expr": "container_memory_rss{name=~\"$pod_name\"}",
          "hide": true,
          "interval": "",
          "intervalFactor": 2,
          "legendFormat": "{{name}}",
          "refId": "A",
          "step": 20
        },
        {
          "exemplar": true,
          "expr": "container_memory_usage_bytes{name=~\"$pod_name\"}",
          "hide": true,
          "interval": "",
          "intervalFactor": 2,
          "legendFormat": "{{name}}",
          "refId": "B",
          "step": 20
        },
        {
          "exemplar": true,
          "expr": "sum(container_memory_cache{name=~\"$pod_name\"}) by (name)",
          "hide": false,
          "interval": "",
          "intervalFactor": 2,
          "legendFormat": "{{name}}",
          "refId": "C",
          "step": 2
        }
      ],
      "thresholds": [],
      "timeFrom": null,
      "timeRegions": [],
      "timeShift": null,
      "title": "Cached Memory per Container (Stacked)",
      "tooltip": {
        "msResolution": true,
        "shared": true,
        "sort": 0,
        "value_type": "individual"
      },
      "type": "graph",
      "xaxis": {
        "buckets": null,
        "mode": "time",
        "name": null,
        "show": true,
        "values": []
      },
      "yaxes": [
        {
          "$$hashKey": "object:423",
          "format": "bytes",
          "label": null,
          "logBase": 1,
          "max": null,
          "min": null,
          "show": true
        },
        {
          "$$hashKey": "object:424",
          "format": "short",
          "label": null,
          "logBase": 1,
          "max": null,
          "min": null,
          "show": false
        }
      ],
      "yaxis": {
        "align": false,
        "alignLevel": null
      }
    },
    {
      "aliasColors": {},
      "bars": false,
      "dashLength": 10,
      "dashes": false,
      "datasource": "Prometheus",
      "editable": true,
      "error": false,
      "fieldConfig": {
        "defaults": {
          "links": []
        },
        "overrides": []
      },
      "fill": 5,
      "fillGradient": 0,
      "grid": {},
      "gridPos": {
        "h": 10,
        "w": 12,
        "x": 0,
        "y": 6
      },
      "hiddenSeries": false,
      "id": 1,
      "isNew": true,
      "legend": {
        "avg": false,
        "current": false,
        "max": false,
        "min": false,
        "show": true,
        "total": false,
        "values": false
      },
      "lines": true,
      "linewidth": 1,
      "links": [],
      "nullPointMode": "null as zero",
      "options": {
        "alertThreshold": true
      },
      "percentage": false,
      "pluginVersion": "7.5.5",
      "pointradius": 5,
      "points": false,
      "renderer": "flot",
      "seriesOverrides": [],
      "spaceLength": 10,
      "stack": true,
      "steppedLine": false,
      "targets": [
        {
          "exemplar": true,
          "expr": "sum(rate(container_cpu_usage_seconds_total{name=~\"$pod_name\"}[$interval])) by (name) * 100",
          "format": "time_series",
          "hide": false,
          "interval": "",
          "intervalFactor": 2,
          "legendFormat": "{{name}}",
          "metric": "container_cp",
          "refId": "F",
          "step": 2
        }
      ],
      "thresholds": [],
      "timeFrom": null,
      "timeRegions": [],
      "timeShift": null,
      "title": "CPU Usage per Container (Stacked)",
      "tooltip": {
        "msResolution": true,
        "shared": true,
        "sort": 0,
        "value_type": "individual"
      },
      "type": "graph",
      "xaxis": {
        "buckets": null,
        "mode": "time",
        "name": null,
        "show": true,
        "values": []
      },
      "yaxes": [
        {
          "$$hashKey": "object:890",
          "format": "percent",
          "label": "",
          "logBase": 1,
          "max": null,
          "show": true
        },
        {
          "$$hashKey": "object:891",
          "format": "short",
          "label": null,
          "logBase": 1,
          "max": null,
          "min": null,
          "show": false
        }
      ],
      "yaxis": {
        "align": false,
        "alignLevel": null
      }
    },
    {
      "aliasColors": {},
      "bars": false,
      "dashLength": 10,
      "dashes": false,
      "datasource": "Prometheus",
      "editable": true,
      "error": false,
      "fieldConfig": {
        "defaults": {
          "links": []
        },
        "overrides": []
      },
      "fill": 3,
      "fillGradient": 0,
      "grid": {},
      "gridPos": {
        "h": 10,
        "w": 12,
        "x": 12,
        "y": 6
      },
      "hiddenSeries": false,
      "id": 10,
      "isNew": true,
      "legend": {
        "avg": false,
        "current": false,
        "max": false,
        "min": false,
        "show": true,
        "total": false,
        "values": false
      },
      "lines": true,
      "linewidth": 2,
      "links": [],
      "nullPointMode": "null as zero",
      "options": {
        "alertThreshold": true
      },
      "percentage": false,
      "pluginVersion": "7.5.5",
      "pointradius": 5,
      "points": false,
      "renderer": "flot",
      "seriesOverrides": [],
      "spaceLength": 10,
      "stack": true,
      "steppedLine": false,
      "targets": [
        {
          "exemplar": true,
          "expr": "sum(container_memory_rss{name=~\"$pod_name\"}) by (name)",
          "hide": false,
          "interval": "",
          "intervalFactor": 2,
          "legendFormat": "{{name}}",
          "refId": "A",
          "step": 2
        },
        {
          "exemplar": true,
          "expr": "container_memory_usage_bytes{name=\"$pod_name\"}",
          "hide": true,
          "interval": "",
          "intervalFactor": 2,
          "legendFormat": "{{name}}",
          "refId": "B",
          "step": 240
        }
      ],
      "thresholds": [],
      "timeFrom": null,
      "timeRegions": [],
      "timeShift": null,
      "title": "Memory Usage per Container (Stacked)",
      "tooltip": {
        "msResolution": true,
        "shared": true,
        "sort": 0,
        "value_type": "individual"
      },
      "type": "graph",
      "xaxis": {
        "buckets": null,
        "mode": "time",
        "name": null,
        "show": true,
        "values": []
      },
      "yaxes": [
        {
          "$$hashKey": "object:495",
          "format": "bytes",
          "label": "",
          "logBase": 1,
          "max": null,
          "min": null,
          "show": true
        },
        {
          "$$hashKey": "object:496",
          "format": "short",
          "label": null,
          "logBase": 1,
          "max": null,
          "min": null,
          "show": true
        }
      ],
      "yaxis": {
        "align": false,
        "alignLevel": null
      }
    },
    {
      "aliasColors": {},
      "bars": false,
      "dashLength": 10,
      "dashes": false,
      "datasource": "Prometheus",
      "editable": true,
      "error": false,
      "fieldConfig": {
        "defaults": {
          "links": []
        },
        "overrides": []
      },
      "fill": 1,
      "fillGradient": 0,
      "grid": {},
      "gridPos": {
        "h": 10,
        "w": 12,
        "x": 0,
        "y": 16
      },
      "hiddenSeries": false,
      "id": 9,
      "isNew": true,
      "legend": {
        "avg": false,
        "current": false,
        "hideEmpty": false,
        "hideZero": false,
        "max": false,
        "min": false,
        "show": true,
        "total": false,
        "values": false
      },
      "lines": true,
      "linewidth": 2,
      "links": [],
      "nullPointMode": "null as zero",
      "options": {
        "alertThreshold": true
      },
      "percentage": false,
      "pluginVersion": "7.5.5",
      "pointradius": 5,
      "points": false,
      "renderer": "flot",
      "seriesOverrides": [],
      "spaceLength": 10,
      "stack": false,
      "steppedLine": false,
      "targets": [
        {
          "exemplar": true,
          "expr": "sum(rate(container_network_transmit_bytes_total{name=~\"$pod_name\"}[$interval])) by (name)",
          "interval": "",
          "intervalFactor": 2,
          "legendFormat": "{{name}}",
          "refId": "A",
          "step": 2
        },
        {
          "exemplar": true,
          "expr": "rate(container_network_transmit_bytes_total{name=~\"$pod_name\",id=\"/\"}[$interval])",
          "hide": true,
          "interval": "",
          "intervalFactor": 2,
          "legendFormat": "",
          "refId": "B",
          "step": 10
        }
      ],
      "thresholds": [],
      "timeFrom": null,
      "timeRegions": [],
      "timeShift": null,
      "title": "Sent Network Traffic per Container",
      "tooltip": {
        "msResolution": true,
        "shared": true,
        "sort": 0,
        "value_type": "cumulative"
      },
      "type": "graph",
      "xaxis": {
        "buckets": null,
        "mode": "time",
        "name": null,
        "show": true,
        "values": []
      },
      "yaxes": [
        {
          "$$hashKey": "object:564",
          "format": "Bps",
          "label": "",
          "logBase": 1,
          "max": null,
          "min": null,
          "show": true
        },
        {
          "$$hashKey": "object:565",
          "format": "short",
          "label": "",
          "logBase": 10,
          "max": 8,
          "min": 0,
          "show": false
        }
      ],
      "yaxis": {
        "align": false,
        "alignLevel": null
      }
    },
    {
      "aliasColors": {},
      "bars": false,
      "dashLength": 10,
      "dashes": false,
      "datasource": "Prometheus",
      "editable": true,
      "error": false,
      "fieldConfig": {
        "defaults": {
          "links": []
        },
        "overrides": []
      },
      "fill": 1,
      "fillGradient": 0,
      "grid": {},
      "gridPos": {
        "h": 10,
        "w": 12,
        "x": 12,
        "y": 16
      },
      "hiddenSeries": false,
      "id": 8,
      "isNew": true,
      "legend": {
        "avg": false,
        "current": false,
        "max": false,
        "min": false,
        "show": true,
        "total": false,
        "values": false
      },
      "lines": true,
      "linewidth": 2,
      "links": [],
      "nullPointMode": "null as zero",
      "options": {
        "alertThreshold": true
      },
      "percentage": false,
      "pluginVersion": "7.5.5",
      "pointradius": 5,
      "points": false,
      "renderer": "flot",
      "seriesOverrides": [],
      "spaceLength": 10,
      "stack": false,
      "steppedLine": false,
      "targets": [
        {
          "exemplar": true,
          "expr": "sum(rate(container_network_receive_bytes_total{name=~\"$pod_name\"}[$interval])) by (name)",
          "interval": "",
          "intervalFactor": 2,
          "legendFormat": "{{name}}",
          "refId": "A",
          "step": 2
        },
        {
          "exemplar": true,
          "expr": "- rate(container_network_transmit_bytes_total{name=~\"$pod_name\"}[$interval])",
          "hide": true,
          "interval": "",
          "intervalFactor": 2,
          "legendFormat": "{{name}}",
          "refId": "B",
          "step": 10
        }
      ],
      "thresholds": [],
      "timeFrom": null,
      "timeRegions": [],
      "timeShift": null,
      "title": "Received Network Traffic per Container",
      "tooltip": {
        "msResolution": true,
        "shared": true,
        "sort": 0,
        "value_type": "cumulative"
      },
      "type": "graph",
      "xaxis": {
        "buckets": null,
        "mode": "time",
        "name": null,
        "show": true,
        "values": []
      },
      "yaxes": [
        {
          "$$hashKey": "object:828",
          "format": "Bps",
          "label": null,
          "logBase": 1,
          "max": null,
          "min": null,
          "show": true
        },
        {
          "$$hashKey": "object:829",
          "format": "short",
          "label": null,
          "logBase": 1,
          "max": null,
          "min": null,
          "show": true
        }
      ],
      "yaxis": {
        "align": false,
        "alignLevel": null
      }
    },
    {
      "aliasColors": {},
      "bars": false,
      "dashLength": 10,
      "dashes": false,
      "datasource": "Prometheus",
      "editable": true,
      "error": false,
      "fieldConfig": {
        "defaults": {
          "links": []
        },
        "overrides": []
      },
      "fill": 1,
      "fillGradient": 0,
      "grid": {},
      "gridPos": {
        "h": 10,
        "w": 12,
        "x": 0,
        "y": 26
      },
      "hiddenSeries": false,
      "id": 27,
      "isNew": true,
      "legend": {
        "avg": false,
        "current": false,
        "hideEmpty": false,
        "hideZero": false,
        "max": false,
        "min": false,
        "show": true,
        "total": false,
        "values": false
      },
      "lines": true,
      "linewidth": 2,
      "links": [],
      "nullPointMode": "null as zero",
      "options": {
        "alertThreshold": true
      },
      "percentage": false,
      "pluginVersion": "7.5.5",
      "pointradius": 5,
      "points": false,
      "renderer": "flot",
      "seriesOverrides": [],
      "spaceLength": 10,
      "stack": false,
      "steppedLine": false,
      "targets": [
        {
          "exemplar": true,
          "expr": "irate(container_fs_reads_bytes_total{name=~\"$pod_name\",image!=\"\"}[$interval])",
          "interval": "",
          "intervalFactor": 2,
          "legendFormat": "{{name}}",
          "refId": "A",
          "step": 2
        }
      ],
      "thresholds": [],
      "timeFrom": null,
      "timeRegions": [],
      "timeShift": null,
      "title": "Hard disk read rate per Container",
      "tooltip": {
        "msResolution": true,
        "shared": true,
        "sort": 0,
        "value_type": "cumulative"
      },
      "type": "graph",
      "xaxis": {
        "buckets": null,
        "mode": "time",
        "name": null,
        "show": true,
        "values": []
      },
      "yaxes": [
        {
          "$$hashKey": "object:564",
          "format": "Bps",
          "label": "",
          "logBase": 1,
          "max": null,
          "min": null,
          "show": true
        },
        {
          "$$hashKey": "object:565",
          "format": "short",
          "label": "",
          "logBase": 10,
          "max": 8,
          "min": 0,
          "show": false
        }
      ],
      "yaxis": {
        "align": false,
        "alignLevel": null
      }
    },
    {
      "aliasColors": {},
      "bars": false,
      "dashLength": 10,
      "dashes": false,
      "datasource": "Prometheus",
      "editable": true,
      "error": false,
      "fieldConfig": {
        "defaults": {
          "links": []
        },
        "overrides": []
      },
      "fill": 1,
      "fillGradient": 0,
      "grid": {},
      "gridPos": {
        "h": 10,
        "w": 12,
        "x": 12,
        "y": 26
      },
      "hiddenSeries": false,
      "id": 28,
      "isNew": true,
      "legend": {
        "avg": false,
        "current": false,
        "max": false,
        "min": false,
        "show": true,
        "total": false,
        "values": false
      },
      "lines": true,
      "linewidth": 2,
      "links": [],
      "nullPointMode": "null as zero",
      "options": {
        "alertThreshold": true
      },
      "percentage": false,
      "pluginVersion": "7.5.5",
      "pointradius": 5,
      "points": false,
      "renderer": "flot",
      "seriesOverrides": [],
      "spaceLength": 10,
      "stack": false,
      "steppedLine": false,
      "targets": [
        {
          "exemplar": true,
          "expr": "irate(container_fs_writes_bytes_total{name=~\"$pod_name\",image!=\"\"}[$interval])",
          "interval": "",
          "intervalFactor": 2,
          "legendFormat": "{{name}}",
          "refId": "A",
          "step": 2
        }
      ],
      "thresholds": [],
      "timeFrom": null,
      "timeRegions": [],
      "timeShift": null,
      "title": "Hard disk write rate per Container",
      "tooltip": {
        "msResolution": true,
        "shared": true,
        "sort": 0,
        "value_type": "cumulative"
      },
      "type": "graph",
      "xaxis": {
        "buckets": null,
        "mode": "time",
        "name": null,
        "show": true,
        "values": []
      },
      "yaxes": [
        {
          "$$hashKey": "object:828",
          "format": "Bps",
          "label": null,
          "logBase": 1,
          "max": null,
          "min": null,
          "show": true
        },
        {
          "$$hashKey": "object:829",
          "format": "short",
          "label": null,
          "logBase": 1,
          "max": null,
          "min": null,
          "show": true
        }
      ],
      "yaxis": {
        "align": false,
        "alignLevel": null
      }
    }
  ],
  "refresh": false,
  "schemaVersion": 27,
  "style": "dark",
  "tags": [],
  "templating": {
    "list": [
      {
        "auto": true,
        "auto_count": 50,
        "auto_min": "50s",
        "current": {
          "selected": false,
          "text": "auto",
          "value": "$__auto_interval_interval"
        },
        "datasource": null,
        "description": null,
        "error": null,
        "hide": 0,
        "includeAll": false,
        "label": "Interval",
        "multi": false,
        "name": "interval",
        "options": [
          {
            "selected": true,
            "text": "auto",
            "value": "$__auto_interval_interval"
          },
          {
            "selected": false,
            "text": "30s",
            "value": "30s"
          },
          {
            "selected": false,
            "text": "1m",
            "value": "1m"
          },
          {
            "selected": false,
            "text": "2m",
            "value": "2m"
          },
          {
            "selected": false,
            "text": "3m",
            "value": "3m"
          },
          {
            "selected": false,
            "text": "5m",
            "value": "5m"
          },
          {
            "selected": false,
            "text": "7m",
            "value": "7m"
          },
          {
            "selected": false,
            "text": "10m",
            "value": "10m"
          },
          {
            "selected": false,
            "text": "30m",
            "value": "30m"
          },
          {
            "selected": false,
            "text": "1h",
            "value": "1h"
          },
          {
            "selected": false,
            "text": "6h",
            "value": "6h"
          },
          {
            "selected": false,
            "text": "12h",
            "value": "12h"
          },
          {
            "selected": false,
            "text": "1d",
            "value": "1d"
          },
          {
            "selected": false,
            "text": "7d",
            "value": "7d"
          },
          {
            "selected": false,
            "text": "14d",
            "value": "14d"
          },
          {
            "selected": false,
            "text": "30d",
            "value": "30d"
          }
        ],
        "query": "30s,1m,2m,3m,5m,7m,10m,30m,1h,6h,12h,1d,7d,14d,30d",
        "refresh": 2,
        "skipUrlSync": false,
        "type": "interval"
      },
      {
        "allValue": null,
        "current": {
          "selected": false,
          "text": "kubernetes-cadvisor",
          "value": "kubernetes-cadvisor"
        },
        "datasource": "Prometheus",
        "definition": "label_values(container_cpu_user_seconds_total, job)",
        "description": null,
        "error": null,
        "hide": 0,
        "includeAll": false,
        "label": "Job",
        "multi": false,
        "name": "job",
        "options": [],
        "query": {
          "query": "label_values(container_cpu_user_seconds_total, job)",
          "refId": "StandardVariableQuery"
        },
        "refresh": 1,
        "regex": "",
        "skipUrlSync": false,
        "sort": 1,
        "tagValuesQuery": "",
        "tags": [],
        "tagsQuery": "",
        "type": "query",
        "useTags": false
      },
      {
        "allValue": "",
        "current": {
          "selected": false,
          "text": "All",
          "value": "$__all"
        },
        "datasource": "Prometheus",
        "definition": "label_values(container_cpu_user_seconds_total{job=~\"$job\"}, instance)",
        "description": null,
        "error": null,
        "hide": 0,
        "includeAll": true,
        "label": "Node",
        "multi": true,
        "name": "node",
        "options": [],
        "query": {
          "query": "label_values(container_cpu_user_seconds_total{job=~\"$job\"}, instance)",
          "refId": "StandardVariableQuery"
        },
        "refresh": 1,
        "regex": "",
        "skipUrlSync": false,
        "sort": 1,
        "tagValuesQuery": "",
        "tags": [],
        "tagsQuery": "",
        "type": "query",
        "useTags": false
      },
      {
        "allValue": null,
        "current": {
          "selected": true,
          "text": [
            "amss-gateways-server",
            "amss-announcements-server"
          ],
          "value": [
            "amss-gateways-server",
            "amss-announcements-server"
          ]
        },
        "datasource": null,
        "definition": "label_values(container_cpu_user_seconds_total{instance=~\"$node\"}, name)",
        "description": null,
        "error": null,
        "hide": 0,
        "includeAll": true,
        "label": "pod_name",
        "multi": true,
        "name": "pod_name",
        "options": [
          {
            "selected": true,
            "text": "All",
            "value": "$__all"
          },
          {
            "selected": false,
            "text": "k8s_prometheus_prometheus-658844466c-rtfkv_monitoring_c48c0735-bffc-47ff-8001-24c8833a42e8_0",
            "value": "k8s_prometheus_prometheus-658844466c-rtfkv_monitoring_c48c0735-bffc-47ff-8001-24c8833a42e8_0"
          },
          {
            "selected": false,
            "text": "k8s_kube-apiserver_kube-apiserver-sg-developer_kube-system_363deb8340f0e1934f5fdcc009bf4766_0",
            "value": "k8s_kube-apiserver_kube-apiserver-sg-developer_kube-system_363deb8340f0e1934f5fdcc009bf4766_0"
          },
          {
            "selected": false,
            "text": "k8s_cadvisor_cadvisor-6j95x_monitoring_4752a8ab-a8da-48d6-9bf6-3f64a88c6a4b_0",
            "value": "k8s_cadvisor_cadvisor-6j95x_monitoring_4752a8ab-a8da-48d6-9bf6-3f64a88c6a4b_0"
          },
          {
            "selected": false,
            "text": "k8s_cadvisor_cadvisor-6q72z_monitoring_722d53d2-11a2-4e4d-aec3-213fb49d6e86_0",
            "value": "k8s_cadvisor_cadvisor-6q72z_monitoring_722d53d2-11a2-4e4d-aec3-213fb49d6e86_0"
          },
          {
            "selected": false,
            "text": "k8s_cadvisor_cadvisor-c6l4r_monitoring_ebbfd0b1-dd4c-4b63-997e-d6c4e91334d1_0",
            "value": "k8s_cadvisor_cadvisor-c6l4r_monitoring_ebbfd0b1-dd4c-4b63-997e-d6c4e91334d1_0"
          },
          {
            "selected": false,
            "text": "k8s_cadvisor_cadvisor-fkgfs_monitoring_07bb329a-1e31-44be-aebb-2ca1ddb8d609_0",
            "value": "k8s_cadvisor_cadvisor-fkgfs_monitoring_07bb329a-1e31-44be-aebb-2ca1ddb8d609_0"
          },
          {
            "selected": false,
            "text": "k8s_cadvisor_cadvisor-qm24z_monitoring_2e433408-0977-4772-9632-cf1864c3053a_0",
            "value": "k8s_cadvisor_cadvisor-qm24z_monitoring_2e433408-0977-4772-9632-cf1864c3053a_0"
          },
          {
            "selected": false,
            "text": "k8s_kube-flannel_kube-flannel-ds-5lmmf_kube-system_3c7504a9-5501-45b6-8d1c-97da7072602c_0",
            "value": "k8s_kube-flannel_kube-flannel-ds-5lmmf_kube-system_3c7504a9-5501-45b6-8d1c-97da7072602c_0"
          },
          {
            "selected": false,
            "text": "k8s_kube-flannel_kube-flannel-ds-jjb62_kube-system_ee99dacc-9fd5-47d0-b441-44b1c3b14e55_0",
            "value": "k8s_kube-flannel_kube-flannel-ds-jjb62_kube-system_ee99dacc-9fd5-47d0-b441-44b1c3b14e55_0"
          },
          {
            "selected": false,
            "text": "k8s_kube-flannel_kube-flannel-ds-kkbf4_kube-system_cda46006-509e-40ff-85cd-febb2edb0a67_0",
            "value": "k8s_kube-flannel_kube-flannel-ds-kkbf4_kube-system_cda46006-509e-40ff-85cd-febb2edb0a67_0"
          },
          {
            "selected": false,
            "text": "k8s_kube-flannel_kube-flannel-ds-krtfb_kube-system_3f0ea3c8-44b0-47e7-ad1f-0a199bceebd1_0",
            "value": "k8s_kube-flannel_kube-flannel-ds-krtfb_kube-system_3f0ea3c8-44b0-47e7-ad1f-0a199bceebd1_0"
          },
          {
            "selected": false,
            "text": "k8s_kube-flannel_kube-flannel-ds-xfpqc_kube-system_9e017e86-8005-41bb-b37e-29542d12f455_0",
            "value": "k8s_kube-flannel_kube-flannel-ds-xfpqc_kube-system_9e017e86-8005-41bb-b37e-29542d12f455_0"
          },
          {
            "selected": false,
            "text": "k8s_node-exporter_node-exporter-8867m_monitoring_713d1f3e-6b64-45e7-ae9f-e5f200ce112d_0",
            "value": "k8s_node-exporter_node-exporter-8867m_monitoring_713d1f3e-6b64-45e7-ae9f-e5f200ce112d_0"
          },
          {
            "selected": false,
            "text": "k8s_node-exporter_node-exporter-8nchs_monitoring_0ef16882-d769-45e0-b87c-a1bbb39a4c39_0",
            "value": "k8s_node-exporter_node-exporter-8nchs_monitoring_0ef16882-d769-45e0-b87c-a1bbb39a4c39_0"
          },
          {
            "selected": false,
            "text": "k8s_node-exporter_node-exporter-hhldn_monitoring_dcddc4c5-3513-4d8c-add3-592b2d768ed6_0",
            "value": "k8s_node-exporter_node-exporter-hhldn_monitoring_dcddc4c5-3513-4d8c-add3-592b2d768ed6_0"
          },
          {
            "selected": false,
            "text": "k8s_node-exporter_node-exporter-p8hsn_monitoring_300b3df5-b199-451d-8b5f-19aa29cb6fc9_0",
            "value": "k8s_node-exporter_node-exporter-p8hsn_monitoring_300b3df5-b199-451d-8b5f-19aa29cb6fc9_0"
          },
          {
            "selected": false,
            "text": "k8s_node-exporter_node-exporter-rctm9_monitoring_e98592a9-b533-40b9-9ac8-60daddc06c7a_0",
            "value": "k8s_node-exporter_node-exporter-rctm9_monitoring_e98592a9-b533-40b9-9ac8-60daddc06c7a_0"
          },
          {
            "selected": false,
            "text": "k8s_kube-state-metrics_kube-state-metrics-5d6879d896-q9lzz_monitoring_2c1c155b-f465-459e-85fe-d6c27860cd91_0",
            "value": "k8s_kube-state-metrics_kube-state-metrics-5d6879d896-q9lzz_monitoring_2c1c155b-f465-459e-85fe-d6c27860cd91_0"
          },
          {
            "selected": false,
            "text": "k8s_blackbox-exporter_blackbox-exporter-77566f7c7b-lbh6w_monitoring_5a23e754-7841-4cb6-a7e6-50b561798139_0",
            "value": "k8s_blackbox-exporter_blackbox-exporter-77566f7c7b-lbh6w_monitoring_5a23e754-7841-4cb6-a7e6-50b561798139_0"
          },
          {
            "selected": false,
            "text": "k8s_etcd_etcd-sg-developer_kube-system_aabacd164573cf69cfc07bc130033f5d_0",
            "value": "k8s_etcd_etcd-sg-developer_kube-system_aabacd164573cf69cfc07bc130033f5d_0"
          },
          {
            "selected": false,
            "text": "k8s_alertmanager_alertmanager-954b4b55c-jkvlk_monitoring_4f6b251a-36f3-4a74-90f3-1ef31a33458c_0",
            "value": "k8s_alertmanager_alertmanager-954b4b55c-jkvlk_monitoring_4f6b251a-36f3-4a74-90f3-1ef31a33458c_0"
          },
          {
            "selected": false,
            "text": "k8s_coredns_coredns-66bff467f8-7xglz_kube-system_cd665d31-9563-4177-88bc-7da7526aa47e_0",
            "value": "k8s_coredns_coredns-66bff467f8-7xglz_kube-system_cd665d31-9563-4177-88bc-7da7526aa47e_0"
          },
          {
            "selected": false,
            "text": "k8s_coredns_coredns-66bff467f8-n4vsm_kube-system_2cc19681-770c-4cbb-81e4-0d2c2dc04114_0",
            "value": "k8s_coredns_coredns-66bff467f8-n4vsm_kube-system_2cc19681-770c-4cbb-81e4-0d2c2dc04114_0"
          },
          {
            "selected": false,
            "text": "k8s_kube-proxy_kube-proxy-88flm_kube-system_a7bcbc48-88c6-4383-8044-6515b95e9705_0",
            "value": "k8s_kube-proxy_kube-proxy-88flm_kube-system_a7bcbc48-88c6-4383-8044-6515b95e9705_0"
          },
          {
            "selected": false,
            "text": "k8s_kube-proxy_kube-proxy-gh9dp_kube-system_1e287c9e-efaf-4a0b-b9d9-c87dbd896b98_0",
            "value": "k8s_kube-proxy_kube-proxy-gh9dp_kube-system_1e287c9e-efaf-4a0b-b9d9-c87dbd896b98_0"
          },
          {
            "selected": false,
            "text": "k8s_kube-proxy_kube-proxy-v9h52_kube-system_9947b732-c855-4777-aeda-4483b57cebfd_0",
            "value": "k8s_kube-proxy_kube-proxy-v9h52_kube-system_9947b732-c855-4777-aeda-4483b57cebfd_0"
          },
          {
            "selected": false,
            "text": "k8s_kube-proxy_kube-proxy-vxtzs_kube-system_acba82ca-4f1f-4cff-98e3-70d617d36090_0",
            "value": "k8s_kube-proxy_kube-proxy-vxtzs_kube-system_acba82ca-4f1f-4cff-98e3-70d617d36090_0"
          },
          {
            "selected": false,
            "text": "k8s_kube-proxy_kube-proxy-zwvxs_kube-system_1fe24cf8-1626-41cc-8f8f-a4d3db47c21a_0",
            "value": "k8s_kube-proxy_kube-proxy-zwvxs_kube-system_1fe24cf8-1626-41cc-8f8f-a4d3db47c21a_0"
          },
          {
            "selected": false,
            "text": "k8s_kube-controller-manager_kube-controller-manager-sg-developer_kube-system_75d2e3d896048444a07029a040c7897a_0",
            "value": "k8s_kube-controller-manager_kube-controller-manager-sg-developer_kube-system_75d2e3d896048444a07029a040c7897a_0"
          },
          {
            "selected": false,
            "text": "k8s_grafana_grafana-6549949f46-6fnm8_monitoring_1b9833e3-976f-469b-8454-0effe959f918_0",
            "value": "k8s_grafana_grafana-6549949f46-6fnm8_monitoring_1b9833e3-976f-469b-8454-0effe959f918_0"
          },
          {
            "selected": false,
            "text": "k8s_kube-scheduler_kube-scheduler-sg-developer_kube-system_77f372f04e48a6c6ac1197c9e332462a_0",
            "value": "k8s_kube-scheduler_kube-scheduler-sg-developer_kube-system_77f372f04e48a6c6ac1197c9e332462a_0"
          },
          {
            "selected": false,
            "text": "k8s_POD_etcd-sg-developer_kube-system_aabacd164573cf69cfc07bc130033f5d_0",
            "value": "k8s_POD_etcd-sg-developer_kube-system_aabacd164573cf69cfc07bc130033f5d_0"
          },
          {
            "selected": false,
            "text": "k8s_POD_kube-apiserver-sg-developer_kube-system_363deb8340f0e1934f5fdcc009bf4766_0",
            "value": "k8s_POD_kube-apiserver-sg-developer_kube-system_363deb8340f0e1934f5fdcc009bf4766_0"
          },
          {
            "selected": false,
            "text": "k8s_POD_kube-controller-manager-sg-developer_kube-system_75d2e3d896048444a07029a040c7897a_0",
            "value": "k8s_POD_kube-controller-manager-sg-developer_kube-system_75d2e3d896048444a07029a040c7897a_0"
          },
          {
            "selected": false,
            "text": "k8s_POD_kube-scheduler-sg-developer_kube-system_77f372f04e48a6c6ac1197c9e332462a_0",
            "value": "k8s_POD_kube-scheduler-sg-developer_kube-system_77f372f04e48a6c6ac1197c9e332462a_0"
          },
          {
            "selected": false,
            "text": "k8s_POD_kube-proxy-gh9dp_kube-system_1e287c9e-efaf-4a0b-b9d9-c87dbd896b98_0",
            "value": "k8s_POD_kube-proxy-gh9dp_kube-system_1e287c9e-efaf-4a0b-b9d9-c87dbd896b98_0"
          },
          {
            "selected": false,
            "text": "k8s_POD_kube-proxy-88flm_kube-system_a7bcbc48-88c6-4383-8044-6515b95e9705_0",
            "value": "k8s_POD_kube-proxy-88flm_kube-system_a7bcbc48-88c6-4383-8044-6515b95e9705_0"
          },
          {
            "selected": false,
            "text": "k8s_POD_kube-proxy-vxtzs_kube-system_acba82ca-4f1f-4cff-98e3-70d617d36090_0",
            "value": "k8s_POD_kube-proxy-vxtzs_kube-system_acba82ca-4f1f-4cff-98e3-70d617d36090_0"
          },
          {
            "selected": false,
            "text": "k8s_POD_kube-flannel-ds-kkbf4_kube-system_cda46006-509e-40ff-85cd-febb2edb0a67_0",
            "value": "k8s_POD_kube-flannel-ds-kkbf4_kube-system_cda46006-509e-40ff-85cd-febb2edb0a67_0"
          },
          {
            "selected": false,
            "text": "k8s_POD_kube-flannel-ds-krtfb_kube-system_3f0ea3c8-44b0-47e7-ad1f-0a199bceebd1_0",
            "value": "k8s_POD_kube-flannel-ds-krtfb_kube-system_3f0ea3c8-44b0-47e7-ad1f-0a199bceebd1_0"
          },
          {
            "selected": false,
            "text": "k8s_POD_kube-flannel-ds-xfpqc_kube-system_9e017e86-8005-41bb-b37e-29542d12f455_0",
            "value": "k8s_POD_kube-flannel-ds-xfpqc_kube-system_9e017e86-8005-41bb-b37e-29542d12f455_0"
          },
          {
            "selected": false,
            "text": "k8s_POD_kube-proxy-v9h52_kube-system_9947b732-c855-4777-aeda-4483b57cebfd_0",
            "value": "k8s_POD_kube-proxy-v9h52_kube-system_9947b732-c855-4777-aeda-4483b57cebfd_0"
          },
          {
            "selected": false,
            "text": "k8s_POD_kube-flannel-ds-5lmmf_kube-system_3c7504a9-5501-45b6-8d1c-97da7072602c_0",
            "value": "k8s_POD_kube-flannel-ds-5lmmf_kube-system_3c7504a9-5501-45b6-8d1c-97da7072602c_0"
          },
          {
            "selected": false,
            "text": "k8s_POD_kube-proxy-zwvxs_kube-system_1fe24cf8-1626-41cc-8f8f-a4d3db47c21a_0",
            "value": "k8s_POD_kube-proxy-zwvxs_kube-system_1fe24cf8-1626-41cc-8f8f-a4d3db47c21a_0"
          },
          {
            "selected": false,
            "text": "k8s_POD_coredns-66bff467f8-n4vsm_kube-system_2cc19681-770c-4cbb-81e4-0d2c2dc04114_0",
            "value": "k8s_POD_coredns-66bff467f8-n4vsm_kube-system_2cc19681-770c-4cbb-81e4-0d2c2dc04114_0"
          },
          {
            "selected": false,
            "text": "k8s_POD_coredns-66bff467f8-7xglz_kube-system_cd665d31-9563-4177-88bc-7da7526aa47e_0",
            "value": "k8s_POD_coredns-66bff467f8-7xglz_kube-system_cd665d31-9563-4177-88bc-7da7526aa47e_0"
          },
          {
            "selected": false,
            "text": "k8s_POD_alertmanager-954b4b55c-jkvlk_monitoring_4f6b251a-36f3-4a74-90f3-1ef31a33458c_0",
            "value": "k8s_POD_alertmanager-954b4b55c-jkvlk_monitoring_4f6b251a-36f3-4a74-90f3-1ef31a33458c_0"
          },
          {
            "selected": false,
            "text": "k8s_POD_blackbox-exporter-77566f7c7b-lbh6w_monitoring_5a23e754-7841-4cb6-a7e6-50b561798139_0",
            "value": "k8s_POD_blackbox-exporter-77566f7c7b-lbh6w_monitoring_5a23e754-7841-4cb6-a7e6-50b561798139_0"
          },
          {
            "selected": false,
            "text": "k8s_POD_grafana-6549949f46-6fnm8_monitoring_1b9833e3-976f-469b-8454-0effe959f918_0",
            "value": "k8s_POD_grafana-6549949f46-6fnm8_monitoring_1b9833e3-976f-469b-8454-0effe959f918_0"
          },
          {
            "selected": false,
            "text": "k8s_POD_node-exporter-rctm9_monitoring_e98592a9-b533-40b9-9ac8-60daddc06c7a_0",
            "value": "k8s_POD_node-exporter-rctm9_monitoring_e98592a9-b533-40b9-9ac8-60daddc06c7a_0"
          },
          {
            "selected": false,
            "text": "k8s_POD_node-exporter-hhldn_monitoring_dcddc4c5-3513-4d8c-add3-592b2d768ed6_0",
            "value": "k8s_POD_node-exporter-hhldn_monitoring_dcddc4c5-3513-4d8c-add3-592b2d768ed6_0"
          },
          {
            "selected": false,
            "text": "k8s_POD_node-exporter-8nchs_monitoring_0ef16882-d769-45e0-b87c-a1bbb39a4c39_0",
            "value": "k8s_POD_node-exporter-8nchs_monitoring_0ef16882-d769-45e0-b87c-a1bbb39a4c39_0"
          },
          {
            "selected": false,
            "text": "k8s_POD_node-exporter-8867m_monitoring_713d1f3e-6b64-45e7-ae9f-e5f200ce112d_0",
            "value": "k8s_POD_node-exporter-8867m_monitoring_713d1f3e-6b64-45e7-ae9f-e5f200ce112d_0"
          },
          {
            "selected": false,
            "text": "k8s_POD_kube-state-metrics-5d6879d896-q9lzz_monitoring_2c1c155b-f465-459e-85fe-d6c27860cd91_0",
            "value": "k8s_POD_kube-state-metrics-5d6879d896-q9lzz_monitoring_2c1c155b-f465-459e-85fe-d6c27860cd91_0"
          },
          {
            "selected": false,
            "text": "k8s_POD_prometheus-658844466c-rtfkv_monitoring_c48c0735-bffc-47ff-8001-24c8833a42e8_0",
            "value": "k8s_POD_prometheus-658844466c-rtfkv_monitoring_c48c0735-bffc-47ff-8001-24c8833a42e8_0"
          },
          {
            "selected": false,
            "text": "k8s_POD_cadvisor-qm24z_monitoring_2e433408-0977-4772-9632-cf1864c3053a_0",
            "value": "k8s_POD_cadvisor-qm24z_monitoring_2e433408-0977-4772-9632-cf1864c3053a_0"
          },
          {
            "selected": false,
            "text": "k8s_POD_cadvisor-c6l4r_monitoring_ebbfd0b1-dd4c-4b63-997e-d6c4e91334d1_0",
            "value": "k8s_POD_cadvisor-c6l4r_monitoring_ebbfd0b1-dd4c-4b63-997e-d6c4e91334d1_0"
          },
          {
            "selected": false,
            "text": "k8s_POD_cadvisor-6j95x_monitoring_4752a8ab-a8da-48d6-9bf6-3f64a88c6a4b_0",
            "value": "k8s_POD_cadvisor-6j95x_monitoring_4752a8ab-a8da-48d6-9bf6-3f64a88c6a4b_0"
          },
          {
            "selected": false,
            "text": "k8s_POD_cadvisor-fkgfs_monitoring_07bb329a-1e31-44be-aebb-2ca1ddb8d609_0",
            "value": "k8s_POD_cadvisor-fkgfs_monitoring_07bb329a-1e31-44be-aebb-2ca1ddb8d609_0"
          },
          {
            "selected": false,
            "text": "k8s_POD_cadvisor-6q72z_monitoring_722d53d2-11a2-4e4d-aec3-213fb49d6e86_0",
            "value": "k8s_POD_cadvisor-6q72z_monitoring_722d53d2-11a2-4e4d-aec3-213fb49d6e86_0"
          },
          {
            "selected": false,
            "text": "k8s_POD_kube-flannel-ds-jjb62_kube-system_ee99dacc-9fd5-47d0-b441-44b1c3b14e55_0",
            "value": "k8s_POD_kube-flannel-ds-jjb62_kube-system_ee99dacc-9fd5-47d0-b441-44b1c3b14e55_0"
          },
          {
            "selected": false,
            "text": "k8s_POD_node-exporter-p8hsn_monitoring_300b3df5-b199-451d-8b5f-19aa29cb6fc9_0",
            "value": "k8s_POD_node-exporter-p8hsn_monitoring_300b3df5-b199-451d-8b5f-19aa29cb6fc9_0"
          },
          {
            "selected": false,
            "text": "watchtower",
            "value": "watchtower"
          },
          {
            "selected": false,
            "text": "shadowbox",
            "value": "shadowbox"
          },
          {
            "selected": false,
            "text": "amdemo-storages-server",
            "value": "amdemo-storages-server"
          },
          {
            "selected": false,
            "text": "amss-imvsales-server",
            "value": "amss-imvsales-server"
          },
          {
            "selected": false,
            "text": "capital-accounts-server",
            "value": "capital-accounts-server"
          },
          {
            "selected": false,
            "text": "amss-workbench-client",
            "value": "amss-workbench-client"
          },
          {
            "selected": false,
            "text": "amss-accounts-server",
            "value": "amss-accounts-server"
          },
          {
            "selected": false,
            "text": "amss-imvlogistics-server",
            "value": "amss-imvlogistics-server"
          },
          {
            "selected": false,
            "text": "amss-frontend-client",
            "value": "amss-frontend-client"
          },
          {
            "selected": false,
            "text": "capital-screenshots-server",
            "value": "capital-screenshots-server"
          },
          {
            "selected": false,
            "text": "capital-gateways-server",
            "value": "capital-gateways-server"
          },
          {
            "selected": false,
            "text": "amss-mixeduse-server",
            "value": "amss-mixeduse-server"
          },
          {
            "selected": false,
            "text": "fosun-frontend-client",
            "value": "fosun-frontend-client"
          },
          {
            "selected": false,
            "text": "amss-valuations-server",
            "value": "amss-valuations-server"
          },
          {
            "selected": false,
            "text": "amss-reformdatas-server",
            "value": "amss-reformdatas-server"
          },
          {
            "selected": false,
            "text": "amss-auditlogs-server",
            "value": "amss-auditlogs-server"
          },
          {
            "selected": false,
            "text": "fosun-3-retail-server",
            "value": "fosun-3-retail-server"
          },
          {
            "selected": false,
            "text": "fosun-3-healthcare-client",
            "value": "fosun-3-healthcare-client"
          },
          {
            "selected": false,
            "text": "amss-imvoffice-server",
            "value": "amss-imvoffice-server"
          },
          {
            "selected": false,
            "text": "fosun-3-hotel-server",
            "value": "fosun-3-hotel-server"
          },
          {
            "selected": false,
            "text": "fosun-backup-server",
            "value": "fosun-backup-server"
          },
          {
            "selected": false,
            "text": "amss-openways-server",
            "value": "amss-openways-server"
          },
          {
            "selected": false,
            "text": "amss-imvhotel-server",
            "value": "amss-imvhotel-server"
          },
          {
            "selected": false,
            "text": "amss-portfolio-client",
            "value": "amss-portfolio-client"
          },
          {
            "selected": false,
            "text": "amss-pushdatas-server",
            "value": "amss-pushdatas-server"
          },
          {
            "selected": false,
            "text": "amss-freetrials-server",
            "value": "amss-freetrials-server"
          },
          {
            "selected": false,
            "text": "next-mongo",
            "value": "next-mongo"
          },
          {
            "selected": false,
            "text": "alpha-mongo-server",
            "value": "alpha-mongo-server"
          },
          {
            "selected": false,
            "text": "capital-backup-server",
            "value": "capital-backup-server"
          },
          {
            "selected": false,
            "text": "fosun-imvlogistics-server",
            "value": "fosun-imvlogistics-server"
          },
          {
            "selected": false,
            "text": "amss-announcements-server",
            "value": "amss-announcements-server"
          },
          {
            "selected": false,
            "text": "previous-saas-mongo",
            "value": "previous-saas-mongo"
          },
          {
            "selected": false,
            "text": "fosun-3-logistics-client",
            "value": "fosun-3-logistics-client"
          },
          {
            "selected": false,
            "text": "fosun-accounts-server",
            "value": "fosun-accounts-server"
          },
          {
            "selected": false,
            "text": "amss-members-server",
            "value": "amss-members-server"
          },
          {
            "selected": false,
            "text": "amdemo-databoard-server",
            "value": "amdemo-databoard-server"
          },
          {
            "selected": false,
            "text": "amss-3-retail-server",
            "value": "amss-3-retail-server"
          },
          {
            "selected": false,
            "text": "amss-bmrretail-server",
            "value": "amss-bmrretail-server"
          },
          {
            "selected": false,
            "text": "amss-databoard-server",
            "value": "amss-databoard-server"
          },
          {
            "selected": false,
            "text": "amss-mysql-server",
            "value": "amss-mysql-server"
          },
          {
            "selected": false,
            "text": "amss-redis-server",
            "value": "amss-redis-server"
          },
          {
            "selected": false,
            "text": "fosun-screenshots-client",
            "value": "fosun-screenshots-client"
          },
          {
            "selected": false,
            "text": "fosun-administrates-server",
            "value": "fosun-administrates-server"
          },
          {
            "selected": false,
            "text": "amss-imvhealthcare-server",
            "value": "amss-imvhealthcare-server"
          },
          {
            "selected": false,
            "text": "fosun-auditlogs-server",
            "value": "fosun-auditlogs-server"
          },
          {
            "selected": false,
            "text": "amss-lmrsales-server",
            "value": "amss-lmrsales-server"
          },
          {
            "selected": false,
            "text": "fosun-sysconsole-client",
            "value": "fosun-sysconsole-client"
          },
          {
            "selected": false,
            "text": "amss-gateways-server",
            "value": "amss-gateways-server"
          },
          {
            "selected": false,
            "text": "fosun-gateways-server",
            "value": "fosun-gateways-server"
          },
          {
            "selected": false,
            "text": "next-server",
            "value": "next-server"
          },
          {
            "selected": false,
            "text": "fosun-3-retail-client",
            "value": "fosun-3-retail-client"
          },
          {
            "selected": false,
            "text": "amss-screenshots-client",
            "value": "amss-screenshots-client"
          },
          {
            "selected": false,
            "text": "amss-backup-server",
            "value": "amss-backup-server"
          },
          {
            "selected": false,
            "text": "fosun-actualdatas-server",
            "value": "fosun-actualdatas-server"
          },
          {
            "selected": false,
            "text": "amss-transports-server",
            "value": "amss-transports-server"
          },
          {
            "selected": false,
            "text": "fosun-3-office-server",
            "value": "fosun-3-office-server"
          },
          {
            "selected": false,
            "text": "capital-imvoffice-server",
            "value": "capital-imvoffice-server"
          },
          {
            "selected": false,
            "text": "fosun-3-healthcare-server",
            "value": "fosun-3-healthcare-server"
          },
          {
            "selected": false,
            "text": "fosun-imvsales-server",
            "value": "fosun-imvsales-server"
          },
          {
            "selected": false,
            "text": "fosun-actualdatas-client",
            "value": "fosun-actualdatas-client"
          },
          {
            "selected": false,
            "text": "amss-3-logistics-client",
            "value": "amss-3-logistics-client"
          },
          {
            "selected": false,
            "text": "capital-auditlogs-server",
            "value": "capital-auditlogs-server"
          },
          {
            "selected": false,
            "text": "amss-valuations-client",
            "value": "amss-valuations-client"
          },
          {
            "selected": false,
            "text": "amss-imvapartment-server",
            "value": "amss-imvapartment-server"
          },
          {
            "selected": false,
            "text": "amss-mongo-server",
            "value": "amss-mongo-server"
          },
          {
            "selected": false,
            "text": "capital-mongo-server",
            "value": "capital-mongo-server"
          },
          {
            "selected": false,
            "text": "capital-lmrsales-server",
            "value": "capital-lmrsales-server"
          },
          {
            "selected": false,
            "text": "amss-3-office-client",
            "value": "amss-3-office-client"
          },
          {
            "selected": false,
            "text": "amss-dealstruct-server",
            "value": "amss-dealstruct-server"
          },
          {
            "selected": false,
            "text": "fosun-3-office-client",
            "value": "fosun-3-office-client"
          },
          {
            "selected": false,
            "text": "fosun-3-logistics-server",
            "value": "fosun-3-logistics-server"
          },
          {
            "selected": false,
            "text": "amss-actualdatas-server",
            "value": "amss-actualdatas-server"
          },
          {
            "selected": false,
            "text": "amss-3-healthcare-client",
            "value": "amss-3-healthcare-client"
          },
          {
            "selected": false,
            "text": "amtest-storages-server",
            "value": "amtest-storages-server"
          },
          {
            "selected": false,
            "text": "amss-storages-server",
            "value": "amss-storages-server"
          },
          {
            "selected": false,
            "text": "amss-screenshots-server",
            "value": "amss-screenshots-server"
          },
          {
            "selected": false,
            "text": "previous-saas-server",
            "value": "previous-saas-server"
          },
          {
            "selected": false,
            "text": "fosun-mongo-server",
            "value": "fosun-mongo-server"
          },
          {
            "selected": false,
            "text": "amss-imvretail-server",
            "value": "amss-imvretail-server"
          },
          {
            "selected": false,
            "text": "previous-demo-server",
            "value": "previous-demo-server"
          },
          {
            "selected": false,
            "text": "amss-portfolio-server",
            "value": "amss-portfolio-server"
          },
          {
            "selected": false,
            "text": "amtest-databoard-server",
            "value": "amtest-databoard-server"
          },
          {
            "selected": false,
            "text": "amss-3-retail-client",
            "value": "amss-3-retail-client"
          },
          {
            "selected": false,
            "text": "next-backup",
            "value": "next-backup"
          },
          {
            "selected": false,
            "text": "amss-3-office-server",
            "value": "amss-3-office-server"
          },
          {
            "selected": false,
            "text": "fosun-imvoffice-server",
            "value": "fosun-imvoffice-server"
          },
          {
            "selected": false,
            "text": "alpha-redis-server",
            "value": "alpha-redis-server"
          },
          {
            "selected": false,
            "text": "amss-bmroffice-server",
            "value": "amss-bmroffice-server"
          },
          {
            "selected": false,
            "text": "capital-imvhotel-server",
            "value": "capital-imvhotel-server"
          },
          {
            "selected": false,
            "text": "capital-imvretail-server",
            "value": "capital-imvretail-server"
          },
          {
            "selected": false,
            "text": "amss-3-hotel-server",
            "value": "amss-3-hotel-server"
          },
          {
            "selected": false,
            "text": "amss-3-hotel-client",
            "value": "amss-3-hotel-client"
          },
          {
            "selected": false,
            "text": "fosun-imvhotel-server",
            "value": "fosun-imvhotel-server"
          },
          {
            "selected": false,
            "text": "fosun-3-hotel-client",
            "value": "fosun-3-hotel-client"
          },
          {
            "selected": false,
            "text": "fosun-mixeduse-server",
            "value": "fosun-mixeduse-server"
          },
          {
            "selected": false,
            "text": "amss-imvleisure-server",
            "value": "amss-imvleisure-server"
          },
          {
            "selected": false,
            "text": "amss-loggeranalysis-server",
            "value": "amss-loggeranalysis-server"
          },
          {
            "selected": false,
            "text": "amtest-redis-server",
            "value": "amtest-redis-server"
          },
          {
            "selected": false,
            "text": "amss-administrates-server",
            "value": "amss-administrates-server"
          },
          {
            "selected": false,
            "text": "capital-frontend-client",
            "value": "capital-frontend-client"
          },
          {
            "selected": false,
            "text": "fosun-screenshots-server",
            "value": "fosun-screenshots-server"
          },
          {
            "selected": false,
            "text": "previous-saas-backup",
            "value": "previous-saas-backup"
          },
          {
            "selected": false,
            "text": "capital-capitaldatas-server",
            "value": "capital-capitaldatas-server"
          },
          {
            "selected": false,
            "text": "fosun-imvhealthcare-server",
            "value": "fosun-imvhealthcare-server"
          },
          {
            "selected": false,
            "text": "amss-notifications-server",
            "value": "amss-notifications-server"
          },
          {
            "selected": false,
            "text": "capital-sysconsole-client",
            "value": "capital-sysconsole-client"
          },
          {
            "selected": false,
            "text": "fosun-imvretail-server",
            "value": "fosun-imvretail-server"
          },
          {
            "selected": false,
            "text": "amss-sysconsole-client",
            "value": "amss-sysconsole-client"
          },
          {
            "selected": false,
            "text": "fosun-portfolio-client",
            "value": "fosun-portfolio-client"
          },
          {
            "selected": false,
            "text": "fosun-portfolio-server",
            "value": "fosun-portfolio-server"
          },
          {
            "selected": false,
            "text": "amtest-backup-server",
            "value": "amtest-backup-server"
          },
          {
            "selected": false,
            "text": "previous-demo-backup",
            "value": "previous-demo-backup"
          },
          {
            "selected": false,
            "text": "fosun-workbench-client",
            "value": "fosun-workbench-client"
          },
          {
            "selected": false,
            "text": "fosun-restheart-server",
            "value": "fosun-restheart-server"
          },
          {
            "selected": false,
            "text": "fosun-notifications-server",
            "value": "fosun-notifications-server"
          },
          {
            "selected": false,
            "text": "fosun-openways-server",
            "value": "fosun-openways-server"
          },
          {
            "selected": false,
            "text": "capital-administrates-server",
            "value": "capital-administrates-server"
          },
          {
            "selected": false,
            "text": "capital-workbench-client",
            "value": "capital-workbench-client"
          },
          {
            "selected": false,
            "text": "capital-openways-server",
            "value": "capital-openways-server"
          },
          {
            "selected": false,
            "text": "amss-bmrhealthcare-server",
            "value": "amss-bmrhealthcare-server"
          },
          {
            "selected": false,
            "text": "amtest-mongo-server",
            "value": "amtest-mongo-server"
          },
          {
            "selected": false,
            "text": "amss-bmrlogistics-server",
            "value": "amss-bmrlogistics-server"
          },
          {
            "selected": false,
            "text": "capital-imvsales-server",
            "value": "capital-imvsales-server"
          },
          {
            "selected": false,
            "text": "amss-3-logistics-server",
            "value": "amss-3-logistics-server"
          },
          {
            "selected": false,
            "text": "capital-redis-server",
            "value": "capital-redis-server"
          },
          {
            "selected": false,
            "text": "amss-bmrhotel-server",
            "value": "amss-bmrhotel-server"
          },
          {
            "selected": false,
            "text": "alpha-backup-server",
            "value": "alpha-backup-server"
          },
          {
            "selected": false,
            "text": "amss-restheart-server",
            "value": "amss-restheart-server"
          },
          {
            "selected": false,
            "text": "amss-3-healthcare-server",
            "value": "amss-3-healthcare-server"
          },
          {
            "selected": false,
            "text": "fosun-lmrsales-server",
            "value": "fosun-lmrsales-server"
          },
          {
            "selected": false,
            "text": "amss-members-client",
            "value": "amss-members-client"
          },
          {
            "selected": false,
            "text": "fosun-redis-server",
            "value": "fosun-redis-server"
          },
          {
            "selected": false,
            "text": "amss-datahouse-server",
            "value": "amss-datahouse-server"
          },
          {
            "selected": false,
            "text": "previous-demo-mongo",
            "value": "previous-demo-mongo"
          },
          {
            "selected": false,
            "text": "capital-bmrretail-server",
            "value": "capital-bmrretail-server"
          },
          {
            "selected": false,
            "text": "fosun-loggeranalysis-server",
            "value": "fosun-loggeranalysis-server"
          },
          {
            "selected": false,
            "text": "capital-screenshots-client",
            "value": "capital-screenshots-client"
          },
          {
            "selected": false,
            "text": "suspicious_lalande",
            "value": "suspicious_lalande"
          },
          {
            "selected": false,
            "text": "cadvisor",
            "value": "cadvisor"
          }
        ],
        "query": {
          "query": "label_values(container_cpu_user_seconds_total{instance=~\"$node\"}, name)",
          "refId": "StandardVariableQuery"
        },
        "refresh": 0,
        "regex": "",
        "skipUrlSync": false,
        "sort": 0,
        "tagValuesQuery": "",
        "tags": [],
        "tagsQuery": "",
        "type": "query",
        "useTags": false
      }
    ]
  },
  "time": {
    "from": "now-15m",
    "to": "now"
  },
  "timepicker": {
    "refresh_intervals": [
      "5s",
      "10s",
      "30s",
      "1m",
      "5m",
      "15m",
      "30m",
      "1h",
      "2h",
      "1d"
    ],
    "time_options": [
      "5m",
      "15m",
      "1h",
      "6h",
      "12h",
      "24h",
      "2d",
      "7d",
      "30d"
    ]
  },
  "timezone": "browser",
  "title": "Docker Container",
  "uid": "4dMaCsRZz",
  "version": 24
}